{
  "0.2": {
    "T_eva_in": {
      "0": -15,
      "1": -10,
      "2": -7,
      "3": 2,
      "4": 7
    },
    "IceFac": {
      "0": 0.999586239942043,
      "1": 0.9439558373260833,
      "2": 0.9096600065468889,
      "3": 0.8232727272727273,
      "4": 0.8232727272727273
    }
  },
  "1": {
    "T_eva_in": {
      "0": -15,
      "1": -10,
      "2": -7,
      "3": 2,
      "4": 7
    },
    "IceFac": {
      "0": 0.9979311997102154,
      "1": 0.6873385658980804,
      "2": 0.73345125463245,
      "3": 0.562810834083727,
      "4": 0.562810834083727
    }
  }
}